{
  "music_disc.standbyme7": {
    "sounds": [
      {
        "name": "records/music_disc_standbyme7",
        "stream": true
      }
    ]
  },
  "music_disc.fiction8": {
    "sounds": [
      {
        "name": "records/music_disc_fiction8",
        "stream": true
      }
    ]
  },
  "music_disc.orb9": {
    "sounds": [
      {
        "name": "records/music_disc_orb9",
        "stream": true
      }
    ]
  },
  "music_disc.mylove10": {
    "sounds": [
      {
        "name": "records/music_disc_mylove10",
        "stream": true
      }
    ]
  },
  "music_disc.blue11": {
    "sounds": [
      {
        "name": "records/music_disc_blue11",
        "stream": true
      }
    ]
  },
  "music_disc.woaini12": {
    "sounds": [
      {
        "name": "records/music_disc_woaini12",
        "stream": true
      }
    ]
  }
}