{
  "parent": "item/generated",
  "textures": {
    "layer0": "item/music_disc_13"
  },
  "overrides": [
    {
      "predicate": {
        "custom_model_data": 37007
      },
      "model": "item/standbyme7"
    },
    {
      "predicate": {
        "custom_model_data": 37008
      },
      "model": "item/fiction8"
    },
    {
      "predicate": {
        "custom_model_data": 37009
      },
      "model": "item/orb9"
    },
    {
      "predicate": {
        "custom_model_data": 37010
      },
      "model": "item/mylove10"
    },
    {
      "predicate": {
        "custom_model_data": 37011
      },
      "model": "item/blue11"
    },
    {
      "predicate": {
        "custom_model_data": 37012
      },
      "model": "item/woaini12"
    }
  ]
}